week,RestingHeartRate,HRV,ExerciseTime,Sleep,Daylight,HeadphoneAudio,TrendSummary,LLM_Nudge
2021-12-27,,,,,,-0.6157082745096419,Noise Exposure: -0.62,"""Consider wearing noise-reducing headphones or taking regular breaks in quiet spaces to minimize excessive noise exposure (-0.62) and protect your auditory health."""
2022-01-03,,,,,,-0.5723202602174301,Noise Exposure: -0.57,"""Consider ear protection or noise-reducing measures due to excessive noise exposure, as a score of -0.57 indicates potential hearing strain."""
2022-03-07,,,,,,1.0549015771179426,Noise Exposure: +1.05,"""Consider using hearing protection or reducing noise exposure to minimize potential long-term auditory damage."""
2022-03-14,-0.7071067811865476,,0.7071067811865476,,,0.4494143279253869,Resting HR: -0.71 | Exercise Time: +0.71,"""Boost your physical activity with a moderate intensity workout to counterbalance your sluggish resting heart rate."""
2022-03-28,0.1441373849276951,,-0.6078929720690722,,,0.0218993890414652,Exercise Time: -0.61,"""Boost your daily movement by 15-20 minutes to counteract recent exercise time decline."""
2022-04-11,-0.5100630179171857,,0.2896947894557128,,,0.1262725999825211,Resting HR: -0.51,"""Consider incorporating gentle cardio exercises to increase heart rate, as a negative resting HR z-score may indicate reduced cardiovascular fitness."""
2022-04-25,0.3747775868304215,,0.8263751264433524,,,-0.8938501562969561,Exercise Time: +0.83 | Noise Exposure: -0.89,"""Consider reducing noise exposure time to minimize potential health risks given your current negative z-score."""
2022-05-02,-0.3518770201200336,,-0.0876072131306083,,,0.980019600382949,Noise Exposure: +0.98,"""Given elevated noise exposure, prioritize hearing protection and explore quieter environments or earplugs to mitigate potential auditory risks."""
2022-05-09,0.2843046177748615,,-0.4435337018224025,,,-0.7267688213810808,Noise Exposure: -0.73,"""Reduce noise exposure to mitigate potential hearing risks; consider ear protection measures to maintain auditory health."""
2022-05-16,-0.3625374351920147,,0.6397995655312254,,,0.0415848889238182,Exercise Time: +0.64,"""Boost your physical activity with an additional 15-minute exercise session today, leveraging the positive momentum of a +0.64 Z-Score trend!"""
2022-05-23,0.3160265727120134,,-0.5169562531728418,,,0.8358647691069573,Exercise Time: -0.52 | Noise Exposure: +0.84,"""Limit noise exposure and prioritize quieter activities to mitigate potential auditory harm and promote overall well-being."""
2022-05-30,0.0063481563058694,,0.3929085138871792,-0.71,,-0.5773513624326,Sleep: -0.71 | Noise Exposure: -0.58,"""Consider improving sleep hygiene to reduce sleep z-score (-0.71) and potentially mitigate negative impacts on overall well-being."""
2022-06-13,-0.1781839919486197,,0.3459255584044896,-0.51,,-0.5095960700595143,Sleep: -0.51 | Noise Exposure: -0.51,"""Prioritize a quiet environment tonight to optimize sleep quality, as both Sleep and Noise Exposure z-scores indicate significant disturbance."""
2022-06-20,-0.2601258836736029,,-0.4619447844031605,,,0.5525725658395568,Noise Exposure: +0.55,"""Consider ear protection or noise-reducing measures to mitigate excessive noise exposure (+0.55 z-score), potentially preserving hearing health."""
2022-07-04,0.5215156343361492,,0.4473018906170137,,,0.5181342439675233,Resting HR: +0.52 | Noise Exposure: +0.52,"""Consider ear protection or adjust noise levels to minimize exposure, as both Resting HR and Noise Exposure are above average."""
2022-07-11,-0.0647187813479343,,-0.5400473699452736,-0.78,,-0.4975223414475614,Exercise Time: -0.54 | Sleep: -0.78,"""Prioritize a 30-minute morning walk to boost exercise time and counterbalance sleep deficit for increased energy and alertness."""
2022-07-25,-0.1113905283768445,,0.2843106647518042,0.74,,-0.5255770011664828,Sleep: +0.74 | Noise Exposure: -0.53,"""Consider using earplugs or noise-cancelling devices to mitigate excessive noise exposure and prioritize sleep quality, given your above-average noise exposure z-score."""
2022-08-01,-0.4532078702485233,,0.1660455035698893,,,-0.5358998188524708,Noise Exposure: -0.54,"""Consider ear protection or modify noise sources at work/home to minimize exposure below -0.54 Z-Score, as prolonged loud sounds may impact hearing health."""
2022-08-22,-0.3380506503644751,,-0.5087328197292199,,,0.3534889632236005,Exercise Time: -0.51,"""Boost physical activity by 15 minutes daily to offset current exercise time deficit."""
2022-08-29,0.6376883577653708,,0.339705185141135,,,0.587062986719888,Resting HR: +0.64 | Noise Exposure: +0.59,"""Consider ear protection or noise-reducing headphones due to elevated noise exposure (+0.59), potentially minimizing hearing strain."""
2022-09-05,-0.7792048644469683,,0.2235094450304643,,,-0.2839729541161137,Resting HR: -0.78,"""Consider gentle cardio exercises to reduce resting heart rate, aiming for a score closer to zero."""
2022-09-19,0.0791778776503483,,0.8428635454130197,,,0.5839752354916412,Exercise Time: +0.84 | Noise Exposure: +0.58,"""Consider reducing noise exposure time due to elevated z-score (+0.58), potentially impacting overall well-being."""
2022-10-31,-0.2477967414379703,,0.0484713432933305,,,-0.7653021454494199,Noise Exposure: -0.77,"""Consider ear protection or noise-reducing measures to minimize potential hearing damage, given your current noise exposure z-score of -0.77."""
2022-11-07,0.1949605554787278,,-0.229487679661602,,,1.7199060397760375,Noise Exposure: +1.72,"""Consider wearing ear protection or adjusting noise exposure habits to prevent potential hearing damage, given the elevated z-score (+1.72)."""
2022-11-14,0.2517346639279341,,-0.115722538313676,0.71,,0.0170233674141137,Sleep: +0.71,"""Based on your elevated Sleep z-score, prioritize establishing a relaxing bedtime routine to support optimal rest and recovery."""
2022-11-21,-0.2320779795362281,,-0.1870277168934966,,,-0.5231875277361837,Noise Exposure: -0.52,"""Consider ear protection or noise-cancelling measures to reduce exposure, as current levels are below average (-0.52), potentially impacting auditory health."""
2022-12-12,0.1421775310878794,,0.5617079421641845,,,-0.1811929349338503,Exercise Time: +0.56,"""Consider increasing your exercise time to capitalize on this positive trend, potentially enhancing overall physical activity and well-being."""
2023-01-02,-0.2354200163433028,,0.8580060678901967,0.64,,0.7021097086011688,Exercise Time: +0.86 | Sleep: +0.64 | Noise Exposure: +0.70,"""Given the positive z-scores for Exercise Time, Sleep, and Noise Exposure, I recommend maintaining your current active routine and exploring noise-reducing strategies to further optimize overall well-being."""
2023-01-16,-0.685695755241322,,-0.6262801851782969,,,0.2501808702861452,Resting HR: -0.69 | Exercise Time: -0.63,"""Consider incorporating more physical activity to boost your heart rate and cardiovascular health, given the lower-than-average resting HR and exercise time."""
2023-01-30,0.0668879742248332,,-0.6853475440540145,,,0.2237774011285314,Exercise Time: -0.69,"""Consider increasing exercise time to offset negative trends; even small increments can have a positive impact on overall well-being."""
2023-02-06,0.5131892587065173,,0.1188962851019544,,,-0.0179621016465582,Resting HR: +0.51,"""Consider incorporating stress-reducing activities, such as yoga or meditation, given your elevated Resting HR (+0.51), which may benefit heart rate variability."""
2023-03-13,0.5130626212215833,,0.0408063602812234,0.55,,0.3539258170792985,Resting HR: +0.51 | Sleep: +0.55,"""Consider increasing physical activity to offset elevated resting heart rate and optimize overall cardiovascular well-being."""
2023-03-27,-0.1931808329784956,,-0.0609607210654643,,,-0.5660933183326072,Noise Exposure: -0.57,"""Reduce noise exposure by using ear protection or adjusting work environments due to your current score of -0.57, potentially impacting hearing health."""
2023-04-03,0.0172913765572318,,-0.0150090708242371,,,1.2045548180911954,Noise Exposure: +1.20,"""Consider investing in noise-reducing ear protection or adjusting workspaces to minimize excessive noise exposure, as the current +1.20 z-score may be impacting auditory health."""
2023-04-17,-0.03178022744772,,0.3213388799033972,,,-0.645377224671228,Noise Exposure: -0.65,"""Consider wearing ear protection or reducing noise exposure to mitigate potential hearing risks given your negative z-score of -0.65."""
2023-04-24,-0.6274487061266196,,-0.3903554699952427,,,0.7897813128267068,Resting HR: -0.63 | Noise Exposure: +0.79,"""Wear ear protection during noise exposure due to elevated z-score (+0.79), ensuring auditory health."""
2023-05-01,0.1361612054373512,,0.278530561860251,,,-1.0422593399105302,Noise Exposure: -1.04,"""Consider wearing noise-reducing gear or adjusting work environments to mitigate prolonged noise exposure (-1.04), preserving auditory health."""
2023-05-08,0.4035264371176749,,-0.5883014580378167,,,-0.653875721870585,Exercise Time: -0.59 | Noise Exposure: -0.65,"""Consider reducing noise exposure by 30 minutes daily to minimize potential negative effects on overall well-being."""
2023-05-15,0.2153550896081808,,-0.0255937358761919,,,1.2114675247447595,Noise Exposure: +1.21,"""Consider wearing ear protection or limiting noise exposure due to elevated z-score (+1.21), potentially reducing hearing-related risks."""
2023-05-29,0.1691258256244039,,0.3465188468384781,,,0.8897482030650963,Noise Exposure: +0.89,"""Consider using noise-cancelling headphones or earplugs regularly to mitigate excessive noise exposure and reduce potential long-term hearing health risks."""
2023-06-05,-0.0841444295378204,,-0.2279264319710972,,,-0.5618130222465719,Noise Exposure: -0.56,"""Prioritize reducing noise exposure by exploring quieter environments or using ear protection, as excessive noise can negatively impact overall well-being."""
2023-06-12,0.9543770171622188,,0.2965862097260796,,,0.8462038265859737,Resting HR: +0.95 | Noise Exposure: +0.85,"""Prioritize ear protection or noise reduction measures due to elevated Noise Exposure (+0.85), potentially affecting auditory health."""
2023-06-19,-0.3195584668099576,,0.1876750622035103,-0.57,,-0.6018016258141925,Sleep: -0.57 | Noise Exposure: -0.60,"""Prioritize a quiet sleep environment or consider earplugs to mitigate excessive noise exposure, as both metrics suggest you're struggling with restful sleep."""
2023-07-17,-0.1425680546249064,,0.340992898856334,,,-0.6153904363379946,Noise Exposure: -0.62,"""Given your noise exposure z-score of -0.62, consider wearing ear protection or limiting loud activities to preserve hearing health."""
2023-07-24,0.0013214989293452,,-0.2904501698392427,,,-0.5130993834539489,Noise Exposure: -0.51,"""Consider ear protection or noise reduction techniques due to excessive noise exposure (Z-Score: -0.51), potentially impacting hearing health."""
2023-07-31,0.2211536432379577,,0.7326856723220927,,,0.4719981271413511,Exercise Time: +0.73,"""Given your elevated exercise time, consider incorporating strength training or flexibility exercises to optimize physical performance and reduce potential fatigue."""
2023-08-07,0.6374885532546963,,0.2384062862390854,,,-0.3208241775013496,Resting HR: +0.64,"""Consider incorporating stress-reducing activities to manage increased Resting HR (+0.64), potentially impacting overall well-being."""
2023-08-14,-0.2921745909863454,,-0.5928196141741898,,,-0.2561507499550919,Exercise Time: -0.59,"""Prioritize increasing exercise time by 15-20 minutes daily to improve overall physical activity and potentially boost energy levels."""
2023-08-21,1.0865183397926574,,0.4734039224713826,,,0.3835212700244939,Resting HR: +1.09,"""Given your elevated resting heart rate (+1.09), I suggest incorporating stress-reducing techniques or meditation practices to promote relaxation and regulate cardiovascular activity."""
2023-08-28,-0.7511616641028295,,0.5076336727462716,0.56,,-0.0582472661963458,Resting HR: -0.75 | Exercise Time: +0.51 | Sleep: +0.56,"""Consider increasing Exercise Time to balance out Resting HR; +0.51 z-score suggests a positive correlation between physical activity and heart rate regulation."""
2023-09-11,0.3962386813803745,,0.2283638402793691,,-0.56,0.4592298231184215,Daylight: -0.56,"""Prioritize natural light exposure through morning walks or outdoor activities to boost mood and cognitive function, as a negative daylight z-score suggests a potential need for increased sunlight."""
2023-09-25,-0.6476924497214855,,0.1627215145708694,,-0.63,-0.6117392406795704,Resting HR: -0.65 | Daylight: -0.63 | Noise Exposure: -0.61,"""Consider incorporating stress-reducing activities into your daily routine to offset the negative trends in Resting HR, Daylight, and Noise Exposure."""
2023-10-02,0.0199843014805864,,-0.1237956002107404,,0.58,0.0363334229843657,Daylight: +0.58,"""Consider increasing natural light exposure, as a +0.58 Z-Score suggests an optimal daylight environment for overall well-being."""
2023-10-30,0.6206576449454989,,0.1959599154575028,,,0.2653931710563642,Resting HR: +0.62,"""Consider increasing physical activity or stress-reducing exercises to regulate your heart rate, as a +0.62 z-score indicates elevated resting HR."""
2023-11-06,-0.3571465289865468,,-0.5260687090543444,,,-0.0355275789369816,Exercise Time: -0.53,"""Consider increasing exercise time by 30 minutes daily to improve overall physical fitness."""
2023-11-20,0.6662104105339165,,-0.3209126163108745,-0.63,0.53,-0.3425901340209054,Resting HR: +0.67 | Sleep: -0.63 | Daylight: +0.53,"""Consider increasing Daylight exposure to balance your circadian rhythms and potentially reduce Resting HR."""
2023-12-04,0.0768410740480695,,0.7582775439795343,,,0.4503773834875738,Exercise Time: +0.76,"""Boost your daily exercise routine by 15-20 minutes to capitalize on this positive trend and potentially enhance overall well-being."""
2023-12-11,-0.5582902427487187,,0.0108654826470407,0.53,,-0.1921111230426875,Resting HR: -0.56 | Sleep: +0.53,"""Prioritize stress-reducing sleep habits to compensate for slightly elevated heart rate."""
2023-12-25,-0.2448868668996095,,-0.0220182563402584,,-1.19,-0.1269508762265174,Daylight: -1.19,"""Prioritize morning sunlight exposure to counterbalance the negative daylight trend and potentially boost mood and overall well-being."""
2024-01-01,0.3214790707744503,,0.007952078568619,,-0.86,-0.5241979301884808,Daylight: -0.86 | Noise Exposure: -0.52,"""Prioritize daytime activities with reduced noise exposure to compensate for lower daylight levels and potentially negative effects on overall well-being."""
2024-01-08,-0.1594083917822138,,0.1329609655234227,,-0.57,0.4547069607743242,Daylight: -0.57,"""Consider increasing daylight exposure to offset negative trends; prioritize morning activities or schedule accordingly."""
2024-01-15,0.7016645157301084,,-0.0114153213764331,,,-0.2672402940556431,Resting HR: +0.70,"""Given your elevated resting heart rate (+0.70), consider incorporating stress-reducing activities or relaxation techniques to manage increased cardiovascular activity."""
2024-01-22,-0.3143658707548579,,-0.600934742268794,,0.54,-0.1056244306557991,Exercise Time: -0.60 | Daylight: +0.54,"""Consider incorporating morning exercises or daytime physical activities to capitalize on Daylight's positive influence and balance out Exercise Time's negative trend."""
2024-01-29,-0.2673855401503272,,-0.0991257460141095,,-0.59,0.1382900670860062,Daylight: -0.59,"""Consider implementing a daily light exposure routine, given your negative daylight z-score, to potentially boost mood and energy levels."""
2024-02-12,-0.1930462887248785,,-0.1591669619998668,,1.24,-0.1739046276024215,Daylight: +1.24,"""Given the positive daylight z-score, consider increasing your Vitamin D-rich activities or morning sunlight exposure to boost mood and overall well-being."""
2024-02-26,0.1640286959815924,,0.2751021082832431,-0.56,,0.1860314859070629,Sleep: -0.56,"""Prioritize sleep optimization strategies to improve overall well-being, considering a 0.56 standard deviation deficit in current sleep patterns."""
2024-03-04,-0.5110229704302492,,-0.1266812677209801,,,0.0220378982126536,Resting HR: -0.51,"""Consider stress-reducing techniques or relaxation methods to manage resting heart rate, as a score of -0.51 may indicate elevated cardiovascular activity."""
2024-03-25,0.0762672341406157,,-0.0477691863094194,0.51,0.65,-0.3224119821409275,Sleep: +0.51 | Daylight: +0.65,"""Given the combined positive trends in Sleep and Daylight, prioritize morning sunlight exposure for a natural boost in alertness and circadian rhythm synchronization."""
2024-04-01,0.1299904496996649,,0.294074427408305,,-0.83,0.1580957376207555,Daylight: -0.83,"""Consider increasing Daylight exposure to boost circadian rhythms and overall well-being, as the negative z-score suggests a potential disconnect from natural light."""
2024-04-08,0.3013980935673191,,0.1678507442454926,,-0.53,0.233519615665974,Daylight: -0.53,"""Consider increasing Daylight exposure as a simple way to boost mood and overall well-being, given your current score of -0.53."""
2024-05-06,0.8046834973714381,,0.22345649246261,,,0.350584341810957,Resting HR: +0.80,"""Consider incorporating stress-reducing activities to manage elevated Resting HR (+0.80), promoting overall cardiovascular well-being."""
2024-05-13,-0.5822970068175765,,-0.0658961893486097,,,0.0122874207260656,Resting HR: -0.58,"""Consider consulting with a cardiologist due to elevated resting HR, potentially indicating increased cardiovascular risk, and develop strategies for heart rate management."""
2024-06-03,-0.3192283536255733,,-0.0121280395346432,,0.65,-0.0751951547984167,Daylight: +0.65,"""Take advantage of the extra daylight hours by increasing outdoor activities to boost your mood and overall well-being!"""
2024-06-10,0.4279907751246609,,0.039884843888261,-0.55,0.71,-0.3259672368825163,Sleep: -0.55 | Daylight: +0.71,"""Consider increasing natural light exposure to boost mood and energy, given the positive daylight z-score trend."""
2024-07-01,0.92232945647794,,-0.0467024929653283,,,-0.1157798549331876,Resting HR: +0.92,"""Consider incorporating stress-reducing activities, such as meditation or yoga, to mitigate potential cardiovascular strain associated with elevated resting heart rate (+0.92)."""
2024-07-08,-0.3696331316909605,,-0.0066893541270289,,-0.8,0.3629801666119651,Daylight: -0.80,"""Prioritize evening illumination to combat potential daylight deficiency, enhancing overall mood and energy."""
2024-07-22,0.201996439025525,,0.0918264119420753,,,0.5981105276018549,Noise Exposure: +0.60,"""Consider ear protection or adjust workspaces to reduce noise exposure, as excessive sound can negatively impact auditory health."""
2024-08-05,-0.0137576330796624,,0.0220123212386277,,0.56,-0.284039902707251,Daylight: +0.56,"""Embrace the extra daylight by taking a 15-minute morning walk to boost vitamin D levels and energy!"""
2024-08-26,-0.6646322962925237,,-0.2990040394701783,,,-0.2887551042814438,Resting HR: -0.66,"""Consider increasing physical activity to optimize cardiovascular health, as your resting heart rate suggests a potential need for increased circulatory efficiency."""
2024-09-02,-0.0238365325158304,,0.815525670652456,,,0.070079636387616,Exercise Time: +0.82,"""Given your consistently strong ExerciseTime z-scores, aim for 10-15% increase in physical activity to further boost overall wellness and maintain momentum."""
2024-09-09,0.0529630983674569,,-0.7553461699396028,0.57,,-0.0536257152361873,Exercise Time: -0.76 | Sleep: +0.57,"""Increase daily exercise time to optimize physical activity and balance with sleep quality."""
2024-09-16,0.1572476097832306,,0.3184550640605454,-0.53,-0.63,0.2552699398539383,Sleep: -0.53 | Daylight: -0.63,"""Consider increasing daylight exposure to balance circadian rhythms and improve overall well-being, given current sleep and daylight trends."""
2024-10-28,0.6821658493346094,,-0.1574095237255094,,,-0.3618058261280713,Resting HR: +0.68,"""Consider incorporating stress-reducing activities, such as meditation or yoga, to manage increased resting heart rate and promote overall well-being."""
2024-11-04,-0.4133322373225173,,0.2855653745691012,0.63,,0.5395908966354058,Sleep: +0.63 | Noise Exposure: +0.54,"""Consider earplugs or noise-cancelling headphones to reduce excessive noise exposure, as your +0.54 z-score suggests a potential impact on overall well-being."""
2024-11-11,0.6313915433829554,,0.2668666429734206,,,-0.0485338975283587,Resting HR: +0.63,"""Given elevated Resting HR (+0.63), prioritize stress-reducing techniques like deep breathing exercises or meditation to manage increased heart rate."""
2024-11-25,0.2501853372326831,,-0.2066803200636287,,0.8,-0.7177732653062409,Daylight: +0.80 | Noise Exposure: -0.72,"""Consider increasing daylight exposure given the strong positive trend (+0.80), which may help boost mood and overall well-being."""
2024-12-16,-0.3436908787627061,,0.8161628917503666,,,-0.0085365417897451,Exercise Time: +0.82,"""Boost your daily exercise time by 15 minutes to leverage the existing positive trend (+0.82) for improved overall well-being."""
2024-12-30,-0.0859828984263997,,-0.1233708770978428,,,-0.743675164917585,Noise Exposure: -0.74,"""Given elevated noise exposure (-0.74), prioritize ear protection and consider noise-reducing measures to safeguard hearing health."""
2025-01-13,0.6047340204479933,,-0.2076390298696328,0.72,-0.51,0.2819544038029073,Resting HR: +0.60 | Sleep: +0.72 | Daylight: -0.51,"""Consider increasing Daylight exposure to potentially mitigate the negative impact on overall well-being."""
2025-01-20,-0.1862882244654767,,0.449693377325208,,0.65,-0.3901197784697877,Daylight: +0.65,"""Given the positive daylight z-score, prioritize morning sunlight exposure for improved mood and energy."""
2025-02-24,-0.2346670159221011,,0.1371321029841246,-0.59,,0.5036236833486617,Sleep: -0.59 | Noise Exposure: +0.50,"""Address the noise exposure with ear protection or a quiet environment to promote better sleep and overall well-being."""
2025-03-03,-0.4138547431345398,,-0.5066389536364729,0.62,,-0.304749396082912,Exercise Time: -0.51 | Sleep: +0.62,"""Prioritize a 15-minute evening walk to balance sleep quality and offset reduced exercise time, promoting healthier daily rhythms."""
2025-03-10,0.4578362495089249,,0.0734610425618277,,0.94,0.3364880126481297,Daylight: +0.94,"""Given your elevated Daylight z-score, consider maximizing morning sunlight exposure for natural mood boosters and vitamin D production."""
2025-03-17,-0.1302524734790242,,0.106060093302365,,,-0.5359486396884776,Noise Exposure: -0.54,"""Consider using noise-cancelling devices or ear protection to minimize exposure, as a Z-Score of -0.54 suggests potential negative impacts on overall health."""
2025-03-24,0.0777296686468324,,-0.1020102232840778,,,0.5390878319309367,Noise Exposure: +0.54,"""Consider wearing ear protection or taking regular breaks in a quiet environment due to high noise exposure (+0.54), potentially impacting hearing health."""
2025-03-31,0.2561737691489505,,0.7038097278149757,,0.62,-0.3773671671704414,Exercise Time: +0.70 | Daylight: +0.62,"""Embrace daylight by taking a morning walk to complement your consistent exercise routine, leveraging this synergy for overall well-being."""
